// calendar : Gregorian
// calendar : UmAlQura
// calendar : Hijri

// Orphan observed date New Year' : 2012-1-2
// Orphan observed date New Year' : 2017-1-2
// Orphan observed date New Year' : 2023-1-2
// Orphan observed date Christmas : 2013-1-7
// Orphan observed date Christmas : 2019-1-7
// Orphan observed date Saint Mar : 2014-2-10
// Orphan observed date Saint Mar : 2020-2-10
// Orphan observed date Saint Mar : 2025-2-10
// Orphan observed date Feast of : 2012-3-26
// Orphan observed date Feast of : 2018-3-26
// Orphan observed date Labour Da : 2016-5-2
// Orphan observed date Labour Da : 2022-5-2
// Orphan observed date Resistanc : 2014-5-26
// Orphan observed date Resistanc : 2025-5-2
// Orphan observed date Assumptio : 2021-8-16
// Orphan observed date Independe : 2015-11-23
// Orphan observed date Independe : 2020-11-23
// Orphan observed date Independe : 2026-11-23
// Orphan observed date Christmas : 2016-12-26
// Orphan observed date Christmas : 2022-12-26
// Orphan observed date Hijri New : 1438-1-2
// Orphan observed date Ashoora O : 1436-1-11
// Orphan observed date Ashoora O : 1444-1-11
// Orphan observed date Prophet M : 1438-3-13
// Orphan observed date Eid Al Is : 1438-7-28
// Date : Easter Day - Western, 4-8, 2012
// Date : Easter Day - Western, 3-31, 2013,2024
// Date : Easter Day - Western, 4-20, 2014,2025
// Date : Easter Day - Western, 4-5, 2015,2026
// Date : Easter Day - Western, 3-27, 2016
// Date : Easter Day - Western, 4-16, 2017
// Date : Easter Day - Western, 4-1, 2018
// Date : Easter Day - Western, 4-21, 2019
// Date : Easter Day - Western, 4-12, 2020
// Date : Easter Day - Western, 4-4, 2021
// Date : Easter Day - Western, 4-17, 2022
// Date : Easter Day - Western, 4-9, 2023
// Date : Easter Day - Eastern, 4-15, 2012
// Date : Easter Day - Eastern, 5-5, 2013,2024
// Date : Easter Day - Eastern, 4-20, 2014,2025
// Date : Easter Day - Eastern, 4-12, 2015,2026
// Date : Easter Day - Eastern, 5-1, 2016
// Date : Easter Day - Eastern, 4-16, 2017,2023
// Date : Easter Day - Eastern, 4-8, 2018
// Date : Easter Day - Eastern, 4-28, 2019
// Date : Easter Day - Eastern, 4-19, 2020
// Date : Easter Day - Eastern, 5-2, 2021
// Date : Easter Day - Eastern, 4-24, 2022
// Date : Good Friday - Western, 4-6, 2012
// Date : Good Friday - Western, 3-29, 2013,2024
// Date : Good Friday - Western, 4-18, 2014,2025
// Date : Good Friday - Western, 4-3, 2015,2026
// Date : Good Friday - Western, 3-25, 2016
// Date : Good Friday - Western, 4-14, 2017
// Date : Good Friday - Western, 3-30, 2018
// Date : Good Friday - Western, 4-19, 2019
// Date : Good Friday - Western, 4-10, 2020
// Date : Good Friday - Western, 4-2, 2021
// Date : Good Friday - Western, 4-15, 2022
// Date : Good Friday - Western, 4-7, 2023
// Date : Good Friday - Eastern, 4-13, 2012
// Date : Good Friday - Eastern, 5-3, 2013,2024
// Date : Good Friday - Eastern, 4-18, 2014,2025
// Date : Good Friday - Eastern, 4-10, 2015,2026
// Date : Good Friday - Eastern, 4-29, 2016
// Date : Good Friday - Eastern, 4-14, 2017,2023
// Date : Good Friday - Eastern, 4-6, 2018
// Date : Good Friday - Eastern, 4-26, 2019
// Date : Good Friday - Eastern, 4-17, 2020
// Date : Good Friday - Eastern, 4-30, 2021
// Date : Good Friday - Eastern, 4-22, 2022
// Date : Easter Monday - Western, 4-9, 2012
// Date : Easter Monday - Western, 4-1, 2013,2024
// Date : Easter Monday - Western, 4-21, 2014,2025
// Date : Easter Monday - Western, 4-6, 2015,2026
// Date : Easter Monday - Western, 3-28, 2016
// Date : Easter Monday - Western, 4-17, 2017
// Date : Easter Monday - Western, 4-2, 2018
// Date : Easter Monday - Western, 4-22, 2019
// Date : Easter Monday - Western, 4-13, 2020
// Date : Easter Monday - Western, 4-5, 2021
// Date : Easter Monday - Western, 4-18, 2022
// Date : Easter Monday - Western, 4-10, 2023
// Date : Easter Monday - Eastern, 4-16, 2012
// Date : Easter Monday - Eastern, 5-6, 2013,2024
// Date : Easter Monday - Eastern, 4-21, 2014,2025
// Date : Easter Monday - Eastern, 4-13, 2015,2026
// Date : Easter Monday - Eastern, 5-2, 2016
// Date : Easter Monday - Eastern, 4-17, 2017,2023
// Date : Easter Monday - Eastern, 4-9, 2018
// Date : Easter Monday - Eastern, 4-29, 2019
// Date : Easter Monday - Eastern, 4-20, 2020
// Date : Easter Monday - Eastern, 5-3, 2021
// Date : Easter Monday - Eastern, 4-25, 2022
{
  "$schema": "/_schema.CountryConfiguration.json",
  "Country": "Lebanon",
  "Regions": [],
  "Periods": [
    {
      "Name": "All Saints' Day",
      "RuleDate": "11-1",
      "Free": true,
      "Translations": [],
      "Tags": []
    },
    {
      "Name": "Ashoora",
      "RuleDate": "1-10",
      "Free": true,
      "Translations": [],
      "Tags": [],
      "Calendar": "Hijri"
    },
    {
      "Name": "Christmas Day - Western",
      "RuleDate": "12-25",
      "Free": true,
      "Translations": [],
      "Tags": []
    },
    {
      "Name": "Eid al Isra' Wal Mi'raj",
      "RuleDate": "7-27",
      "Free": true,
      "Translations": [],
      "Tags": [],
      "Calendar": "Hijri"
    },
    {
      "Name": "Eid al Adha",
      "RuleDate": "12-10",
      "Free": true,
      "Translations": [],
      "Tags": [],
      "Calendar": "Hijri"
    },
    {
      "Name": "Eid al Adha 2nd Day",
      "RuleDate": "12-11",
      "Free": true,
      "Translations": [],
      "Tags": [],
      "Calendar": "Hijri"
    },
    {
      "Name": "Eid al Adha 3rd Day",
      "RuleDate": "12-12",
      "Free": true,
      "Translations": [],
      "Tags": [],
      "Calendar": "Hijri"
    },
    {
      "Name": "Eid al Fitr",
      "RuleDate": "10-1",
      "Free": true,
      "Translations": [],
      "Tags": [],
      "Calendar": "Hijri"
    },
    {
      "Name": "Eid al Fitr 2nd Day",
      "RuleDate": "10-2",
      "Free": true,
      "Translations": [],
      "Tags": [],
      "Calendar": "Hijri"
    },
    {
      "Name": "Eid al Fitr 3rd Day",
      "RuleDate": "10-3",
      "Free": true,
      "Translations": [],
      "Tags": [],
      "Calendar": "Hijri"
    },
    {
      "Name": "Hijri New Year",
      "RuleDate": "1-1",
      "Free": true,
      "Translations": [],
      "Tags": [],
      "Calendar": "Hijri"
    },
    {
      "Name": "Independence Day",
      "RuleDate": "11-22",
      "Free": true,
      "Translations": [],
      "Tags": []
    },
    {
      "Name": "Labour Day",
      "RuleDate": "5-1",
      "Free": true,
      "Translations": [],
      "Tags": []
    },
    {
      "Name": "Martyrs' Day",
      "RuleDate": "5-6",
      "Free": true,
      "Translations": [],
      "Tags": []
    },
    {
      "Name": "New Year's Day",
      "RuleDate": "1-1",
      "Free": true,
      "Translations": [],
      "Tags": []
    },
    {
      "Name": "Prophet Mohammed's Birthday Sunni",
      "RuleDate": "3-12",
      "Free": true,
      "Translations": [],
      "Tags": [],
      "Calendar": "Hijri"
    },
    {
      "Name": "St. Maron",
      "RuleDate": "2-9",
      "Free": true,
      "Translations": [],
      "Tags": []
    },
    {
      "Name": "Christmas Day - Armenian Orthodox",
      "RuleDate": "1-6",
      "Free": true,
      "Translations": [],
      "Tags": []
    },
    {
      "Name": "Resistance and Liberation Day",
      "RuleDate": "5-25",
      "Free": true,
      "Translations": [],
      "Tags": []
    },
    {
      "Name": "Feast of the Annunciation",
      "RuleDate": "3-25",
      "Free": true,
      "Translations": [],
      "Tags": []
    },
    {
      "Name": "Assumption",
      "RuleDate": "8-15",
      "Free": true,
      "Translations": [],
      "Tags": []
    },
    {
      "Name": "Prophet Mohammed's Birthday Shia",
      "RuleDate": "3-17",
      "Free": true,
      "Translations": [],
      "Tags": [],
      "Calendar": "Hijri"
    }
  ],
  "Culture": "ar-LB",
  "Calendar": "Gregorian"
}