// calendar : Gregorian

// Date : Family Day many provinces, 2-20, 2012,2017,2023
// Date : Family Day many provinces, 2-18, 2013,2019
// Date : Family Day many provinces, 2-17, 2014,2020,2025
// Date : Family Day many provinces, 2-16, 2015,2026
// Date : Family Day many provinces, 2-15, 2016,2021
// Date : Family Day many provinces, 2-19, 2018,2024
// Date : Family Day many provinces, 2-21, 2022
// Date : Labour Day, 9-3, 2012,2018
// Date : Labour Day, 9-2, 2013,2019,2024
// Date : Labour Day, 9-1, 2014,2025
// Date : Labour Day, 9-7, 2015,2020,2026
// Date : Labour Day, 9-5, 2016,2022
// Date : Labour Day, 9-4, 2017,2023
// Date : Labour Day, 9-6, 2021
// Date : Thanksgiving Day, 10-8, 2012,2018
// Date : Thanksgiving Day, 10-14, 2013,2019,2024
// Date : Thanksgiving Day, 10-13, 2014,2025
// Date : Thanksgiving Day, 10-12, 2015,2020,2026
// Date : Thanksgiving Day, 10-10, 2016,2022
// Date : Thanksgiving Day, 10-9, 2017,2023
// Date : Thanksgiving Day, 10-11, 2021
// Date : Victoria Day many provinces, 5-21, 2012,2018
// Date : Victoria Day many provinces, 5-20, 2013,2019,2024
// Date : Victoria Day many provinces, 5-19, 2014,2025
// Date : Victoria Day many provinces, 5-18, 2015,2020,2026
// Date : Victoria Day many provinces, 5-23, 2016,2022
// Date : Victoria Day many provinces, 5-22, 2017,2023
// Date : Victoria Day many provinces, 5-24, 2021
// Date : St. Patrick's Day Newfoundland and Labrador, 3-19, 2012,2018
// Date : St. Patrick's Day Newfoundland and Labrador, 3-18, 2013,2019,2024
// Date : St. Patrick's Day Newfoundland and Labrador, 3-17, 2014,2025
// Date : St. Patrick's Day Newfoundland and Labrador, 3-16, 2015,2020,2026
// Date : St. Patrick's Day Newfoundland and Labrador, 3-14, 2016,2022
// Date : St. Patrick's Day Newfoundland and Labrador, 3-20, 2017,2023
// Date : St. Patrick's Day Newfoundland and Labrador, 3-15, 2021
// Date : Orangemen's Day Newfoundland and Labrador, 7-9, 2012,2018
// Date : Orangemen's Day Newfoundland and Labrador, 7-15, 2013,2019,2024
// Date : Orangemen's Day Newfoundland and Labrador, 7-14, 2014,2025
// Date : Orangemen's Day Newfoundland and Labrador, 7-13, 2015,2020,2026
// Date : Orangemen's Day Newfoundland and Labrador, 7-11, 2016,2022
// Date : Orangemen's Day Newfoundland and Labrador, 7-10, 2017,2023
// Date : Orangemen's Day Newfoundland and Labrador, 7-12, 2021
// Date : St. George's Day Newfoundland and Labrador, 4-23, 2012,2018
// Date : St. George's Day Newfoundland and Labrador, 4-22, 2013,2019,2024
// Date : St. George's Day Newfoundland and Labrador, 4-21, 2014,2025
// Date : St. George's Day Newfoundland and Labrador, 4-20, 2015,2020,2026
// Date : St. George's Day Newfoundland and Labrador, 4-25, 2016,2022
// Date : St. George's Day Newfoundland and Labrador, 4-24, 2017,2023
// Date : St. George's Day Newfoundland and Labrador, 4-26, 2021
// Date : Civic Holiday many provinces, 8-6, 2012,2018
// Date : Civic Holiday many provinces, 8-5, 2013,2019,2024
// Date : Civic Holiday many provinces, 8-4, 2014,2025
// Date : Civic Holiday many provinces, 8-3, 2015,2020,2026
// Date : Civic Holiday many provinces, 8-1, 2016,2022
// Date : Civic Holiday many provinces, 8-7, 2017,2023
// Date : Civic Holiday many provinces, 8-2, 2021
// Date : Heritage Day Alberta, 8-6, 2012,2018
// Date : Heritage Day Alberta, 8-5, 2013,2019,2024
// Date : Heritage Day Alberta, 8-4, 2014,2025
// Date : Heritage Day Alberta, 8-3, 2015,2020,2026
// Date : Heritage Day Alberta, 8-1, 2016,2022
// Date : Heritage Day Alberta, 8-7, 2017,2023
// Date : Heritage Day Alberta, 8-2, 2021
// Date : British Columbia Day British Columbia, 8-6, 2012,2018
// Date : British Columbia Day British Columbia, 8-5, 2013,2019,2024
// Date : British Columbia Day British Columbia, 8-4, 2014,2025
// Date : British Columbia Day British Columbia, 8-3, 2015,2020,2026
// Date : British Columbia Day British Columbia, 8-1, 2016,2022
// Date : British Columbia Day British Columbia, 8-7, 2017,2023
// Date : British Columbia Day British Columbia, 8-2, 2021
// Date : Louis Riel Day Manitoba, 2-20, 2012,2017,2023
// Date : Louis Riel Day Manitoba, 2-18, 2013,2019
// Date : Louis Riel Day Manitoba, 2-17, 2014,2020,2025
// Date : Louis Riel Day Manitoba, 2-16, 2015,2026
// Date : Louis Riel Day Manitoba, 2-15, 2016,2021
// Date : Louis Riel Day Manitoba, 2-19, 2018,2024
// Date : Louis Riel Day Manitoba, 2-21, 2022
// Date : New Brunswick Day New Brunswick, 8-6, 2012,2018
// Date : New Brunswick Day New Brunswick, 8-5, 2013,2019,2024
// Date : New Brunswick Day New Brunswick, 8-4, 2014,2025
// Date : New Brunswick Day New Brunswick, 8-3, 2015,2020,2026
// Date : New Brunswick Day New Brunswick, 8-1, 2016,2022
// Date : New Brunswick Day New Brunswick, 8-7, 2017,2023
// Date : New Brunswick Day New Brunswick, 8-2, 2021
// Date : Discovery Day Newfoundland and Labrador, 6-25, 2012,2018
// Date : Discovery Day Newfoundland and Labrador, 6-24, 2013,2019,2024
// Date : Discovery Day Newfoundland and Labrador, 6-23, 2014,2025
// Date : Discovery Day Newfoundland and Labrador, 6-22, 2015,2020,2026
// Date : Discovery Day Newfoundland and Labrador, 6-27, 2016,2022
// Date : Discovery Day Newfoundland and Labrador, 6-26, 2017,2023
// Date : Discovery Day Newfoundland and Labrador, 6-21, 2021
// Date : Natal Day Nova Scotia and PEI, 8-6, 2012,2018
// Date : Natal Day Nova Scotia and PEI, 8-5, 2013,2019,2024
// Date : Natal Day Nova Scotia and PEI, 8-4, 2014,2025
// Date : Natal Day Nova Scotia and PEI, 8-3, 2015,2020,2026
// Date : Natal Day Nova Scotia and PEI, 8-1, 2016,2022
// Date : Natal Day Nova Scotia and PEI, 8-7, 2017,2023
// Date : Natal Day Nova Scotia and PEI, 8-2, 2021
// Date : Discovery Day Yukon, 8-20, 2012,2018
// Date : Discovery Day Yukon, 8-19, 2013,2019,2024
// Date : Discovery Day Yukon, 8-18, 2014,2025
// Date : Discovery Day Yukon, 8-17, 2015,2020,2026
// Date : Discovery Day Yukon, 8-15, 2016,2022
// Date : Discovery Day Yukon, 8-21, 2017,2023
// Date : Discovery Day Yukon, 8-16, 2021
// Date : New Year's Day Observed, 1-2, 2012,2017,2023
// Date : New Year's Day Observed, 1-3, 2022
// Date : Day After New Year's Day Quebec, 1-4, 2016,2021
// Date : Day After New Year's Day Quebec, 1-3, 2022
// Date : Islander Day Prince Edward Island, 2-20, 2012,2017,2023
// Date : Islander Day Prince Edward Island, 2-18, 2013,2019
// Date : Islander Day Prince Edward Island, 2-17, 2014,2020,2025
// Date : Islander Day Prince Edward Island, 2-16, 2015,2026
// Date : Islander Day Prince Edward Island, 2-15, 2016,2021
// Date : Islander Day Prince Edward Island, 2-19, 2018,2024
// Date : Islander Day Prince Edward Island, 2-21, 2022
// Date : Heritage Day Yukon, 2-24, 2012,2017,2023
// Date : Heritage Day Yukon, 2-22, 2013,2019
// Date : Heritage Day Yukon, 2-21, 2014,2020,2025
// Date : Heritage Day Yukon, 2-27, 2015
// Date : Heritage Day Yukon, 2-26, 2016,2021
// Date : Heritage Day Yukon, 2-23, 2018,2024
// Date : Heritage Day Yukon, 2-25, 2022
// Date : Heritage Day Yukon, 2-20, 2026
// Date : National Patriots' Day Quebec, 5-21, 2012,2018
// Date : National Patriots' Day Quebec, 5-20, 2013,2019,2024
// Date : National Patriots' Day Quebec, 5-19, 2014,2025
// Date : National Patriots' Day Quebec, 5-18, 2015,2020,2026
// Date : National Patriots' Day Quebec, 5-23, 2016,2022
// Date : National Patriots' Day Quebec, 5-22, 2017,2023
// Date : National Patriots' Day Quebec, 5-24, 2021
// Date : Observed Nunavut Day Nunavut, 7-11, 2016,2022
// Date : Observed Nunavut Day Nunavut, 7-10, 2017
// Date : Christmas Bank Holiday, 12-26, 2016,2022
// Date : Christmas Bank Holiday, 12-24, 2021
// Date : Boxing Day Bank Holiday, 12-28, 2015,2020,2021,2026
// Date : Boxing Day Bank Holiday, 12-27, 2016
// Date : Observed Quebec National Day - St. John the Baptist Day Quebec, 6-25, 2012,2018
// Date : Observed Quebec National Day - St. John the Baptist Day Quebec, 6-26, 2017,2023
{
  "$schema": "/_schema.CountryConfiguration.json",
  "Country": "Canada",
  "Regions": [],
  "Periods": [
    {
      "Name": "Boxing Day",
      "RuleDate": "12-26",
      "Free": true,
      "Translations": [],
      "Tags": []
    },
    {
      "Name": "Canada Day",
      "RuleDate": "7-1",
      "Free": true,
      "Translations": [],
      "Tags": []
    },
    {
      "Name": "Christmas Day",
      "RuleDate": "12-25",
      "Free": true,
      "Translations": [],
      "Tags": []
    },
    {
      "Name": "Easter Day",
      "RuleDate": "[EASTER]",
      "Free": true,
      "Translations": [],
      "Tags": []
    },
    {
      "Name": "Easter Monday",
      "RuleDate": "([EASTER]) + 1",
      "Free": true,
      "Translations": [],
      "Tags": []
    },
    {
      "Name": "Good Friday",
      "RuleDate": "([EASTER]) - 2",
      "Free": true,
      "Translations": [],
      "Tags": []
    },
    {
      "Name": "New Year's Day",
      "RuleDate": "1-1",
      "Free": true,
      "Translations": [],
      "Tags": []
    },
    {
      "Name": "Remembrance Day",
      "RuleDate": "11-11",
      "Free": true,
      "Translations": [],
      "Tags": []
    },
    {
      "Name": "Memorial Day Newfoundland and Labrador",
      "RuleDate": "7-1",
      "Free": true,
      "Translations": [],
      "Tags": []
    },
    {
      "Name": "National Aboriginal Day Northwest Territories",
      "RuleDate": "6-21",
      "Free": true,
      "Translations": [],
      "Tags": []
    },
    {
      "Name": "Nunavut Day Nunavut",
      "RuleDate": "7-9",
      "Free": true,
      "Translations": [],
      "Tags": []
    },
    {
      "Name": "Quebec National Day - St. John the Baptist Day Quebec",
      "RuleDate": "6-24",
      "Free": true,
      "Translations": [],
      "Tags": []
    },
    {
      "Name": "Day After New Year's Day Quebec",
      "RuleDate": "1-2",
      "Free": true,
      "Translations": [],
      "Tags": []
    },
    {
      "Name": "New Year's Eve",
      "RuleDate": "12-31",
      "Free": true,
      "Translations": [],
      "Tags": []
    }
  ],
  "Culture": "ca",
  "Calendar": "Gregorian"
}